{
  "$schema": "https://developer.joomla.org/schemas/json-schema/web_assets.json",
  "name": "com_tschatai",
  "version": "1.0.0",
  "description": "TS-ChatAI Component",
  "license": "GPL-2.0-or-later",
  "assets": [
    {
      "name": "com_tschatai.chat",
      "type": "style",
      "uri": "com_tschatai/css/tschatai.css"
    },
    {
      "name": "com_tschatai.chat",
      "type": "script",
      "uri": "com_tschatai/js/tschatai.js",
      "dependencies": ["jquery"]
    }
  ]
}
